mean_fit_time,std_fit_time,mean_score_time,std_score_time,param_model__activation,param_model__neurons,param_model__optimiser,params,split0_test_score,split1_test_score,mean_test_score,std_test_score,rank_test_score,split0_train_score,split1_train_score,mean_train_score,std_train_score
7.706804633140564,0.09321320056915283,1.2811247110366821,0.0089799165725708,relu,10,adam,"{'model__activation': 'relu', 'model__neurons': 10, 'model__optimiser': 'adam'}",0.965,0.9640740740740741,0.964537037037037,0.0004629629629629428,2,0.9660740740740741,0.969037037037037,0.9675555555555555,0.0014814814814814725
7.097874045372009,0.013438582420349121,1.2612348794937134,0.019167304039001465,relu,10,sgd,"{'model__activation': 'relu', 'model__neurons': 10, 'model__optimiser': 'sgd'}",0.7098888888888889,0.6982222222222222,0.7040555555555555,0.005833333333333357,10,0.6995925925925925,0.7081851851851851,0.7038888888888888,0.004296296296296298
7.302130699157715,0.01909017562866211,1.2716188430786133,0.003108501434326172,relu,10,rmsprop,"{'model__activation': 'relu', 'model__neurons': 10, 'model__optimiser': 'rmsprop'}",0.9616296296296296,0.9641111111111111,0.9628703703703704,0.0012407407407407645,3,0.962,0.9683703703703703,0.9651851851851851,0.00318518518518518
7.268975019454956,0.008241415023803711,1.2538974285125732,0.00998067855834961,relu,10,adagrad,"{'model__activation': 'relu', 'model__neurons': 10, 'model__optimiser': 'adagrad'}",0.30433333333333334,0.30714814814814817,0.30574074074074076,0.0014074074074074128,14,0.29762962962962963,0.31555555555555553,0.3065925925925926,0.00896296296296295
7.540727615356445,0.01616358757019043,1.2881619930267334,0.03516411781311035,elu,10,adam,"{'model__activation': 'elu', 'model__neurons': 10, 'model__optimiser': 'adam'}",0.9656296296296296,0.9651851851851851,0.9654074074074074,0.00022222222222223476,1,0.9669629629629629,0.969,0.9679814814814814,0.0010185185185185297
7.093962669372559,0.03278684616088867,1.2474417686462402,0.003823518753051758,elu,10,sgd,"{'model__activation': 'elu', 'model__neurons': 10, 'model__optimiser': 'sgd'}",0.7111481481481482,0.699925925925926,0.7055370370370371,0.005611111111111122,9,0.7014074074074074,0.7106666666666667,0.706037037037037,0.00462962962962965
7.325058460235596,0.040276288986206055,1.2483333349227905,0.0038188695907592773,elu,10,rmsprop,"{'model__activation': 'elu', 'model__neurons': 10, 'model__optimiser': 'rmsprop'}",0.9610740740740741,0.9638148148148148,0.9624444444444444,0.0013703703703703551,4,0.9617037037037037,0.9676296296296296,0.9646666666666667,0.002962962962962945
7.286859035491943,0.02391982078552246,1.2270513772964478,0.0004862546920776367,elu,10,adagrad,"{'model__activation': 'elu', 'model__neurons': 10, 'model__optimiser': 'adagrad'}",0.4783703703703704,0.4697777777777778,0.4740740740740741,0.004296296296296298,13,0.4774814814814815,0.4750740740740741,0.4762777777777778,0.0012037037037037068
7.65483283996582,0.0348820686340332,1.2360299825668335,0.0017441511154174805,sigmoid,10,adam,"{'model__activation': 'sigmoid', 'model__neurons': 10, 'model__optimiser': 'adam'}",0.9367407407407408,0.9382222222222222,0.9374814814814815,0.0007407407407407085,7,0.9383703703703704,0.9405555555555556,0.9394629629629629,0.0010925925925925895
7.125954627990723,0.02027153968811035,1.2341126203536987,0.0033513307571411133,sigmoid,10,sgd,"{'model__activation': 'sigmoid', 'model__neurons': 10, 'model__optimiser': 'sgd'}",0.24403703703703702,0.25574074074074077,0.24988888888888888,0.005851851851851872,15,0.24325925925925926,0.26125925925925925,0.25225925925925924,0.008999999999999994
7.396220445632935,0.01659417152404785,1.240785837173462,0.005475521087646484,sigmoid,10,rmsprop,"{'model__activation': 'sigmoid', 'model__neurons': 10, 'model__optimiser': 'rmsprop'}",0.9244814814814815,0.9271481481481482,0.9258148148148149,0.001333333333333353,8,0.9256666666666666,0.9312592592592592,0.9284629629629629,0.0027962962962962967
7.994077444076538,0.5788812637329102,1.3069742918014526,0.04187333583831787,sigmoid,10,adagrad,"{'model__activation': 'sigmoid', 'model__neurons': 10, 'model__optimiser': 'adagrad'}",0.10074074074074074,0.09755555555555556,0.09914814814814815,0.00159259259259259,16,0.09755555555555556,0.10074074074074074,0.09914814814814815,0.00159259259259259
7.681200861930847,0.0021167993545532227,1.297244906425476,0.04416310787200928,tanh,10,adam,"{'model__activation': 'tanh', 'model__neurons': 10, 'model__optimiser': 'adam'}",0.961,0.9571481481481482,0.9590740740740741,0.0019259259259258865,5,0.9601851851851851,0.9614074074074074,0.9607962962962963,0.0006111111111111178
7.14854097366333,0.005019426345825195,1.2496609687805176,0.008068323135375977,tanh,10,sgd,"{'model__activation': 'tanh', 'model__neurons': 10, 'model__optimiser': 'sgd'}",0.6511481481481481,0.6375925925925926,0.6443703703703704,0.0067777777777777715,11,0.6418518518518519,0.6454074074074074,0.6436296296296297,0.001777777777777767
7.401051163673401,0.016555190086364746,1.253743290901184,0.00018703937530517578,tanh,10,rmsprop,"{'model__activation': 'tanh', 'model__neurons': 10, 'model__optimiser': 'rmsprop'}",0.9581851851851851,0.9536666666666667,0.9559259259259258,0.0022592592592592387,6,0.9577777777777777,0.9587037037037037,0.9582407407407407,0.0004629629629629983
7.51108992099762,0.004321455955505371,1.3732422590255737,0.050009846687316895,tanh,10,adagrad,"{'model__activation': 'tanh', 'model__neurons': 10, 'model__optimiser': 'adagrad'}",0.5148888888888888,0.5053333333333333,0.5101111111111111,0.00477777777777777,12,0.51,0.5098888888888888,0.5099444444444444,5.5555555555586444e-05
