activation,optimiser,neurons,epochs,accuracy,precision,recall,f1
sigmoid,sgd,32,50,0.6160714285714286,0.6118421052631579,0.775,0.6838235294117647
sigmoid,rmsprop,32,50,0.6294642857142857,0.6390977443609023,0.7083333333333334,0.6719367588932806
sigmoid,adagrad,32,50,0.6160714285714286,0.6,0.85,0.7034482758620689
sigmoid,adadelta,32,50,0.5357142857142857,0.5357142857142857,1.0,0.6976744186046512
sigmoid,adam,32,50,0.7276785714285714,0.7565217391304347,0.725,0.7404255319148936
sigmoid,adamax,32,50,0.6473214285714286,0.6413793103448275,0.775,0.7018867924528301
sigmoid,nadam,32,50,0.7053571428571429,0.7410714285714286,0.6916666666666667,0.7155172413793104
leaky_relu,sgd,32,50,0.6339285714285714,0.6301369863013698,0.7666666666666667,0.6917293233082706
leaky_relu,rmsprop,32,50,0.7276785714285714,0.7565217391304347,0.725,0.7404255319148936
leaky_relu,adagrad,32,50,0.5580357142857143,0.5826771653543307,0.6166666666666667,0.5991902834008097
leaky_relu,adadelta,32,50,0.5357142857142857,0.5357142857142857,1.0,0.6976744186046512
leaky_relu,adam,32,50,0.7232142857142857,0.7377049180327869,0.75,0.743801652892562
leaky_relu,adamax,32,50,0.6339285714285714,0.6397058823529411,0.725,0.6796875
leaky_relu,nadam,32,50,0.75,0.7580645161290323,0.7833333333333333,0.7704918032786885
elu,sgd,32,50,0.6294642857142857,0.6412213740458015,0.7,0.6693227091633466
elu,rmsprop,32,50,0.7142857142857143,0.7372881355932204,0.725,0.7310924369747899
elu,adagrad,32,50,0.46875,0.5037593984962406,0.5583333333333333,0.5296442687747036
elu,adadelta,32,50,0.5535714285714286,0.5462962962962963,0.9833333333333333,0.7023809523809523
elu,adam,32,50,0.7321428571428571,0.7542372881355932,0.7416666666666667,0.7478991596638656
elu,adamax,32,50,0.6741071428571429,0.6974789915966386,0.6916666666666667,0.694560669456067
elu,nadam,32,50,0.7455357142857143,0.7441860465116279,0.8,0.7710843373493976
