activation,optimiser,neurons,validation_accuracy,validation_loss,validation_precision,validation_recall,validation_f1,training_time_seconds
tanh,adam,32,0.9916666746139526,0.03336029127240181,0.9916815662984456,0.9916666666666667,0.9916638086240007,68.18041586875916
tanh,rmsprop,128,0.9915000200271606,0.036520179361104965,0.9915279461718838,0.9915,0.991493795994915,72.40007901191711
relu,adam,32,0.9906666874885559,0.03459583967924118,0.9906920150866872,0.9906666666666667,0.9906660471925247,70.55816531181335
elu,adam,64,0.9906666874885559,0.03138330578804016,0.9906707710127036,0.9906666666666667,0.9906641607125581,69.80117106437683
tanh,adam,128,0.9906666874885559,0.0345294214785099,0.9906728125080725,0.9906666666666667,0.9906565699579617,72.31582617759705
sigmoid,adam,256,0.9904999732971191,0.03265966475009918,0.9905175194886711,0.9905,0.9904962505219321,88.81085133552551
elu,adam,256,0.9904999732971191,0.032952968031167984,0.9905244479316953,0.9905,0.9904935095983183,79.81348705291748
elu,adam,128,0.9903333187103271,0.030391255393624306,0.9903593978434196,0.9903333333333333,0.9903326239846788,72.29956531524658
relu,adam,128,0.9901666641235352,0.032720424234867096,0.9902174713741217,0.9901666666666666,0.9901650599634625,73.81394028663635
sigmoid,rmsprop,256,0.9900000095367432,0.041350025683641434,0.9900347645160549,0.99,0.9899918851579333,80.91762638092041
relu,rmsprop,64,0.9900000095367432,0.03987621143460274,0.9900458025461115,0.99,0.9899927137513602,71.56259083747864
tanh,adam,256,0.9900000095367432,0.03892078995704651,0.9900713062775537,0.99,0.989992774550504,80.46533298492432
relu,rmsprop,32,0.9898333549499512,0.04021621495485306,0.989888578874791,0.9898333333333333,0.9898254635461062,70.86146545410156
relu,rmsprop,128,0.9898333549499512,0.04009483754634857,0.9898812799158031,0.9898333333333333,0.9898309128928978,77.2412781715393
relu,adam,64,0.9898333549499512,0.03614760935306549,0.9898712767091142,0.9898333333333333,0.9898353272140065,71.92413568496704
relu,rmsprop,256,0.9896666407585144,0.042496662586927414,0.9897341962124229,0.9896666666666667,0.9896520742429414,78.80018067359924
relu,adam,16,0.9896666407585144,0.040915347635746,0.9897053982420057,0.9896666666666667,0.9896623019065138,70.57956671714783
elu,adam,32,0.9896666407585144,0.038995757699012756,0.9897192034212279,0.9896666666666667,0.9896695002435267,68.67453098297119
tanh,rmsprop,256,0.9896666407585144,0.03597385436296463,0.9897062567063646,0.9896666666666667,0.9896602738530051,79.30829763412476
tanh,adam,16,0.9896666407585144,0.040151238441467285,0.9897119243086828,0.9896666666666667,0.9896669676682178,67.6266541481018
sigmoid,adam,128,0.9894999861717224,0.03809769079089165,0.98959424788603,0.9895,0.9895078271959294,84.73465394973755
sigmoid,rmsprop,64,0.9893333315849304,0.04450257867574692,0.9893800673023987,0.9893333333333333,0.9893257059960948,76.11863088607788
elu,rmsprop,256,0.9893333315849304,0.04352299124002457,0.9893927793753678,0.9893333333333333,0.9893300452192836,79.16000151634216
relu,adam,256,0.9893333315849304,0.03504263609647751,0.989371970224561,0.9893333333333333,0.989329514752128,80.39011073112488
tanh,rmsprop,32,0.9891666769981384,0.042643751949071884,0.9892242771761269,0.9891666666666666,0.9891653962829964,69.98084497451782
elu,rmsprop,128,0.9891666769981384,0.04164084047079086,0.9892167186518419,0.9891666666666666,0.9891635788625707,75.19056844711304
tanh,rmsprop,16,0.9890000224113464,0.03798825666308403,0.9890493069558277,0.989,0.9889996069185516,69.25334548950195
elu,rmsprop,16,0.9890000224113464,0.04672550410032272,0.9890371534084755,0.989,0.9890000530516607,71.9115858078003
sigmoid,adam,64,0.9890000224113464,0.03784072771668434,0.9890306684205955,0.989,0.9889946738815477,82.01104736328125
elu,rmsprop,64,0.9888333082199097,0.04153852164745331,0.9888813026532993,0.9888333333333333,0.9888185691685548,72.57722210884094
tanh,adam,64,0.9888333082199097,0.03691340237855911,0.9889455266688983,0.9888333333333333,0.9888571317757965,69.74850511550903
tanh,rmsprop,64,0.9884999990463257,0.04054279997944832,0.9885352131936063,0.9885,0.9884889613139302,70.59608340263367
sigmoid,rmsprop,32,0.9884999990463257,0.044427383691072464,0.988558609538616,0.9885,0.9884995624043971,76.34537601470947
elu,adam,16,0.9881666898727417,0.04004058241844177,0.988256415099158,0.9881666666666666,0.9881796010614484,68.113028049469
elu,rmsprop,32,0.9881666898727417,0.04632588103413582,0.9882156751160212,0.9881666666666666,0.9881652656665927,72.5212197303772
sigmoid,rmsprop,128,0.9879999756813049,0.04500545188784599,0.9880790466349069,0.988,0.9880011336974281,80.31491374969482
relu,rmsprop,16,0.9879999756813049,0.046734996140003204,0.9880647509907,0.988,0.9880009033898721,70.33466720581055
sigmoid,adam,16,0.987666666507721,0.04966951534152031,0.9877118273217266,0.9876666666666667,0.9876643349045913,76.9653549194336
sigmoid,adam,32,0.9869999885559082,0.04323100298643112,0.9870485768216595,0.987,0.9869970754817645,79.72011804580688
sigmoid,rmsprop,16,0.9868333339691162,0.04626059904694557,0.9868662599992202,0.9868333333333333,0.9868325203700427,71.67615747451782
elu,sgd,256,0.9706666469573975,0.10449383407831192,0.9707499801050246,0.9706666666666667,0.9706590828618415,77.40040969848633
elu,sgd,128,0.9700000286102295,0.10963521152734756,0.9701072216788038,0.97,0.970005560791574,72.66238164901733
elu,sgd,32,0.9679999947547913,0.11175653338432312,0.9681881879583739,0.968,0.9680288035907908,71.48861336708069
elu,sgd,64,0.9679999947547913,0.11078839004039764,0.9682331978158624,0.968,0.9680597320351001,70.73356890678406
tanh,sgd,256,0.9678333401679993,0.1105903908610344,0.967941607628986,0.9678333333333333,0.9678544646756699,75.19074535369873
relu,sgd,64,0.9673333168029785,0.11403199285268784,0.9673919523719832,0.9673333333333334,0.9673183379981987,70.22085332870483
relu,sgd,256,0.9673333168029785,0.11067628860473633,0.9674659974284233,0.9673333333333334,0.967357509599154,75.2226550579071
elu,sgd,16,0.9671666622161865,0.11543074250221252,0.9673414509925862,0.9671666666666666,0.9671943334951563,70.31981182098389
relu,sgd,128,0.9670000076293945,0.10927864909172058,0.9671097506299484,0.967,0.9669985521542022,72.18623542785645
relu,sgd,16,0.9668333530426025,0.11853422969579697,0.9669533478012596,0.9668333333333333,0.9668372904289295,68.29077315330505
relu,sgd,32,0.9660000205039978,0.11825341731309891,0.96609979007034,0.966,0.9660087338802144,68.9364230632782
tanh,sgd,32,0.9651666879653931,0.12545160949230194,0.9651914925067853,0.9651666666666666,0.9651589347975458,69.81872749328613
tanh,sgd,128,0.9646666646003723,0.1158214807510376,0.9647559611354275,0.9646666666666667,0.9646865599181164,72.09485864639282
tanh,sgd,64,0.9618333578109741,0.12860040366649628,0.9619295093817553,0.9618333333333333,0.961861786518329,70.42765402793884
tanh,sgd,16,0.9556666612625122,0.1623065173625946,0.955707091698835,0.9556666666666667,0.9556603538404105,74.91764760017395
sigmoid,sgd,256,0.9384999871253967,0.2007020115852356,0.9389621792266701,0.9385,0.938589000637144,78.65584182739258
sigmoid,sgd,64,0.9346666932106018,0.2411167174577713,0.934807050162914,0.9346666666666666,0.9346660171739588,77.30164647102356
sigmoid,sgd,128,0.9338333606719971,0.22724053263664246,0.9340922197252045,0.9338333333333333,0.9338421307151755,77.33537030220032
tanh,adagrad,256,0.9268333315849304,0.2670826315879822,0.9271962094492933,0.9268333333333333,0.9268157632566125,77.29011464118958
elu,adagrad,64,0.9265000224113464,0.2707217335700989,0.9270830934838884,0.9265,0.926534544999835,75.00232696533203
elu,adagrad,128,0.9259999990463257,0.2640225887298584,0.9266164683178003,0.926,0.9260406382625505,78.98000311851501
sigmoid,sgd,32,0.925166666507721,0.3270500600337982,0.9254381031119673,0.9251666666666667,0.9251630835147895,77.26047086715698
elu,adagrad,32,0.9243333339691162,0.2868924140930176,0.9246410384672812,0.9243333333333333,0.9243260075422453,72.57962894439697
elu,adagrad,256,0.9210000038146973,0.2808004915714264,0.9214799338500259,0.921,0.9210722164245859,85.57246541976929
tanh,adagrad,128,0.9178333282470703,0.2885341942310333,0.9182311698611375,0.9178333333333333,0.9178256204836311,71.98651885986328
relu,adagrad,64,0.9150000214576721,0.30670464038848877,0.9156093360757737,0.915,0.9150271793519963,69.79683542251587
relu,adagrad,256,0.909166693687439,0.31960558891296387,0.9114917102002558,0.9091666666666667,0.9094883309950726,78.01084995269775
relu,adagrad,128,0.909166693687439,0.3216298818588257,0.9105515029241493,0.9091666666666667,0.9093156400008405,74.66614389419556
tanh,adagrad,64,0.9075000286102295,0.3520689010620117,0.9079762663283173,0.9075,0.9073981628138059,69.69591188430786
elu,adagrad,16,0.906499981880188,0.36686480045318604,0.9069290525945453,0.9065,0.9065610571856294,70.3192093372345
tanh,adagrad,32,0.9045000076293945,0.4207489490509033,0.9053884915380198,0.9045,0.9042146223938298,68.44900631904602
sigmoid,sgd,16,0.903333306312561,0.5430595874786377,0.9037481823702519,0.9033333333333333,0.9032084041483354,75.13931083679199
relu,adagrad,32,0.9020000100135803,0.3659476339817047,0.9031272100025624,0.902,0.9020813279991906,69.44432997703552
relu,adagrad,16,0.8715000152587891,0.4771668612957001,0.8716571211789936,0.8715,0.8708829681523915,68.28423309326172
tanh,adagrad,16,0.8631666898727417,0.7032821178436279,0.869521581602224,0.8631666666666666,0.8610965748590287,67.51017045974731
sigmoid,adagrad,256,0.8146666884422302,0.7081993818283081,0.8178553999812436,0.8146666666666667,0.8125861770606297,79.35336351394653
sigmoid,adagrad,64,0.7991666793823242,0.9441759586334229,0.8037739448121107,0.7991666666666667,0.7941368010303763,73.70416831970215
sigmoid,adagrad,128,0.7854999899864197,1.0026887655258179,0.7930611769371047,0.7855,0.7807098389141088,78.51903772354126
sigmoid,adagrad,32,0.73416668176651,1.3857462406158447,0.7380365138958939,0.7341666666666666,0.7255712599346342,72.03967499732971
sigmoid,adagrad,16,0.6439999938011169,1.5305336713790894,0.7080986271171954,0.644,0.6138127587791885,71.23688387870789
